0,3,448,451,,p0[,*M+,]=threshold;,,p0[0*M+3]=threshold;,,p0[451*M+448]=threshold;
0,31,448,479,,p0[,*M+,]=threshold;,,p0[0*M+31]=threshold;,,p0[479*M+448]=threshold;
0,33,448,481,,p0[,*M+,]=threshold;,,p0[0*M+33]=threshold;,,p0[481*M+448]=threshold;
0,43,448,491,,p0[,*M+,]=threshold;,,p0[0*M+43]=threshold;,,p0[491*M+448]=threshold;
0,48,448,496,,p0[,*M+,]=threshold;,,p0[0*M+48]=threshold;,,p0[496*M+448]=threshold;
0,57,448,505,,p0[,*M+,]=threshold;,,p0[0*M+57]=threshold;,,p0[505*M+448]=threshold;
0,68,448,516,,p0[,*M+,]=threshold;,,p0[0*M+68]=threshold;,,p0[516*M+448]=threshold;
0,71,448,519,,p0[,*M+,]=threshold;,,p0[0*M+71]=threshold;,,p0[519*M+448]=threshold;
0,88,448,536,,p0[,*M+,]=threshold;,,p0[0*M+88]=threshold;,,p0[536*M+448]=threshold;
0,95,448,543,,p0[,*M+,]=threshold;,,p0[0*M+95]=threshold;,,p0[543*M+448]=threshold;
1,32,449,480,,p0[,*M+,]=threshold;,,p0[1*M+32]=threshold;,,p0[480*M+449]=threshold;
1,59,449,507,,p0[,*M+,]=threshold;,,p0[1*M+59]=threshold;,,p0[507*M+449]=threshold;
1,77,449,525,,p0[,*M+,]=threshold;,,p0[1*M+77]=threshold;,,p0[525*M+449]=threshold;
1,80,449,528,,p0[,*M+,]=threshold;,,p0[1*M+80]=threshold;,,p0[528*M+449]=threshold;
1,91,449,539,,p0[,*M+,]=threshold;,,p0[1*M+91]=threshold;,,p0[539*M+449]=threshold;
1,92,449,540,,p0[,*M+,]=threshold;,,p0[1*M+92]=threshold;,,p0[540*M+449]=threshold;
2,4,450,452,,p0[,*M+,]=threshold;,,p0[2*M+4]=threshold;,,p0[452*M+450]=threshold;
2,33,450,481,,p0[,*M+,]=threshold;,,p0[2*M+33]=threshold;,,p0[481*M+450]=threshold;
2,34,450,482,,p0[,*M+,]=threshold;,,p0[2*M+34]=threshold;,,p0[482*M+450]=threshold;
2,43,450,491,,p0[,*M+,]=threshold;,,p0[2*M+43]=threshold;,,p0[491*M+450]=threshold;
2,47,450,495,,p0[,*M+,]=threshold;,,p0[2*M+47]=threshold;,,p0[495*M+450]=threshold;
2,59,450,507,,p0[,*M+,]=threshold;,,p0[2*M+59]=threshold;,,p0[507*M+450]=threshold;
2,63,450,511,,p0[,*M+,]=threshold;,,p0[2*M+63]=threshold;,,p0[511*M+450]=threshold;
2,68,450,516,,p0[,*M+,]=threshold;,,p0[2*M+68]=threshold;,,p0[516*M+450]=threshold;
2,86,450,534,,p0[,*M+,]=threshold;,,p0[2*M+86]=threshold;,,p0[534*M+450]=threshold;
2,90,450,538,,p0[,*M+,]=threshold;,,p0[2*M+90]=threshold;,,p0[538*M+450]=threshold;
2,96,450,544,,p0[,*M+,]=threshold;,,p0[2*M+96]=threshold;,,p0[544*M+450]=threshold;
3,7,451,455,,p0[,*M+,]=threshold;,,p0[3*M+7]=threshold;,,p0[455*M+451]=threshold;
3,16,451,464,,p0[,*M+,]=threshold;,,p0[3*M+16]=threshold;,,p0[464*M+451]=threshold;
3,19,451,467,,p0[,*M+,]=threshold;,,p0[3*M+19]=threshold;,,p0[467*M+451]=threshold;
3,33,451,481,,p0[,*M+,]=threshold;,,p0[3*M+33]=threshold;,,p0[481*M+451]=threshold;
3,62,451,510,,p0[,*M+,]=threshold;,,p0[3*M+62]=threshold;,,p0[510*M+451]=threshold;
3,68,451,516,,p0[,*M+,]=threshold;,,p0[3*M+68]=threshold;,,p0[516*M+451]=threshold;
3,69,451,517,,p0[,*M+,]=threshold;,,p0[3*M+69]=threshold;,,p0[517*M+451]=threshold;
3,73,451,521,,p0[,*M+,]=threshold;,,p0[3*M+73]=threshold;,,p0[521*M+451]=threshold;
3,75,451,523,,p0[,*M+,]=threshold;,,p0[3*M+75]=threshold;,,p0[523*M+451]=threshold;
3,91,451,539,,p0[,*M+,]=threshold;,,p0[3*M+91]=threshold;,,p0[539*M+451]=threshold;
3,98,451,546,,p0[,*M+,]=threshold;,,p0[3*M+98]=threshold;,,p0[546*M+451]=threshold;
3,99,451,547,,p0[,*M+,]=threshold;,,p0[3*M+99]=threshold;,,p0[547*M+451]=threshold;
4,51,452,499,,p0[,*M+,]=threshold;,,p0[4*M+51]=threshold;,,p0[499*M+452]=threshold;
4,86,452,534,,p0[,*M+,]=threshold;,,p0[4*M+86]=threshold;,,p0[534*M+452]=threshold;
4,92,452,540,,p0[,*M+,]=threshold;,,p0[4*M+92]=threshold;,,p0[540*M+452]=threshold;
5,22,453,470,,p0[,*M+,]=threshold;,,p0[5*M+22]=threshold;,,p0[470*M+453]=threshold;
5,35,453,483,,p0[,*M+,]=threshold;,,p0[5*M+35]=threshold;,,p0[483*M+453]=threshold;
5,37,453,485,,p0[,*M+,]=threshold;,,p0[5*M+37]=threshold;,,p0[485*M+453]=threshold;
5,45,453,493,,p0[,*M+,]=threshold;,,p0[5*M+45]=threshold;,,p0[493*M+453]=threshold;
5,53,453,501,,p0[,*M+,]=threshold;,,p0[5*M+53]=threshold;,,p0[501*M+453]=threshold;
5,55,453,503,,p0[,*M+,]=threshold;,,p0[5*M+55]=threshold;,,p0[503*M+453]=threshold;
5,62,453,510,,p0[,*M+,]=threshold;,,p0[5*M+62]=threshold;,,p0[510*M+453]=threshold;
5,85,453,533,,p0[,*M+,]=threshold;,,p0[5*M+85]=threshold;,,p0[533*M+453]=threshold;
5,89,453,537,,p0[,*M+,]=threshold;,,p0[5*M+89]=threshold;,,p0[537*M+453]=threshold;
5,94,453,542,,p0[,*M+,]=threshold;,,p0[5*M+94]=threshold;,,p0[542*M+453]=threshold;
6,13,454,461,,p0[,*M+,]=threshold;,,p0[6*M+13]=threshold;,,p0[461*M+454]=threshold;
6,16,454,464,,p0[,*M+,]=threshold;,,p0[6*M+16]=threshold;,,p0[464*M+454]=threshold;
6,20,454,468,,p0[,*M+,]=threshold;,,p0[6*M+20]=threshold;,,p0[468*M+454]=threshold;
6,28,454,476,,p0[,*M+,]=threshold;,,p0[6*M+28]=threshold;,,p0[476*M+454]=threshold;
6,32,454,480,,p0[,*M+,]=threshold;,,p0[6*M+32]=threshold;,,p0[480*M+454]=threshold;
6,35,454,483,,p0[,*M+,]=threshold;,,p0[6*M+35]=threshold;,,p0[483*M+454]=threshold;
6,67,454,515,,p0[,*M+,]=threshold;,,p0[6*M+67]=threshold;,,p0[515*M+454]=threshold;
6,68,454,516,,p0[,*M+,]=threshold;,,p0[6*M+68]=threshold;,,p0[516*M+454]=threshold;
6,82,454,530,,p0[,*M+,]=threshold;,,p0[6*M+82]=threshold;,,p0[530*M+454]=threshold;
6,88,454,536,,p0[,*M+,]=threshold;,,p0[6*M+88]=threshold;,,p0[536*M+454]=threshold;
6,96,454,544,,p0[,*M+,]=threshold;,,p0[6*M+96]=threshold;,,p0[544*M+454]=threshold;
7,11,455,459,,p0[,*M+,]=threshold;,,p0[7*M+11]=threshold;,,p0[459*M+455]=threshold;
7,27,455,475,,p0[,*M+,]=threshold;,,p0[7*M+27]=threshold;,,p0[475*M+455]=threshold;
7,49,455,497,,p0[,*M+,]=threshold;,,p0[7*M+49]=threshold;,,p0[497*M+455]=threshold;
7,51,455,499,,p0[,*M+,]=threshold;,,p0[7*M+51]=threshold;,,p0[499*M+455]=threshold;
7,57,455,505,,p0[,*M+,]=threshold;,,p0[7*M+57]=threshold;,,p0[505*M+455]=threshold;
7,66,455,514,,p0[,*M+,]=threshold;,,p0[7*M+66]=threshold;,,p0[514*M+455]=threshold;
7,79,455,527,,p0[,*M+,]=threshold;,,p0[7*M+79]=threshold;,,p0[527*M+455]=threshold;
7,96,455,544,,p0[,*M+,]=threshold;,,p0[7*M+96]=threshold;,,p0[544*M+455]=threshold;
7,97,455,545,,p0[,*M+,]=threshold;,,p0[7*M+97]=threshold;,,p0[545*M+455]=threshold;
8,10,456,458,,p0[,*M+,]=threshold;,,p0[8*M+10]=threshold;,,p0[458*M+456]=threshold;
8,11,456,459,,p0[,*M+,]=threshold;,,p0[8*M+11]=threshold;,,p0[459*M+456]=threshold;
8,22,456,470,,p0[,*M+,]=threshold;,,p0[8*M+22]=threshold;,,p0[470*M+456]=threshold;
8,27,456,475,,p0[,*M+,]=threshold;,,p0[8*M+27]=threshold;,,p0[475*M+456]=threshold;
8,37,456,485,,p0[,*M+,]=threshold;,,p0[8*M+37]=threshold;,,p0[485*M+456]=threshold;
8,39,456,487,,p0[,*M+,]=threshold;,,p0[8*M+39]=threshold;,,p0[487*M+456]=threshold;
8,45,456,493,,p0[,*M+,]=threshold;,,p0[8*M+45]=threshold;,,p0[493*M+456]=threshold;
8,57,456,505,,p0[,*M+,]=threshold;,,p0[8*M+57]=threshold;,,p0[505*M+456]=threshold;
8,59,456,507,,p0[,*M+,]=threshold;,,p0[8*M+59]=threshold;,,p0[507*M+456]=threshold;
8,65,456,513,,p0[,*M+,]=threshold;,,p0[8*M+65]=threshold;,,p0[513*M+456]=threshold;
8,71,456,519,,p0[,*M+,]=threshold;,,p0[8*M+71]=threshold;,,p0[519*M+456]=threshold;
8,76,456,524,,p0[,*M+,]=threshold;,,p0[8*M+76]=threshold;,,p0[524*M+456]=threshold;
8,89,456,537,,p0[,*M+,]=threshold;,,p0[8*M+89]=threshold;,,p0[537*M+456]=threshold;
8,97,456,545,,p0[,*M+,]=threshold;,,p0[8*M+97]=threshold;,,p0[545*M+456]=threshold;
9,21,457,469,,p0[,*M+,]=threshold;,,p0[9*M+21]=threshold;,,p0[469*M+457]=threshold;
9,26,457,474,,p0[,*M+,]=threshold;,,p0[9*M+26]=threshold;,,p0[474*M+457]=threshold;
9,33,457,481,,p0[,*M+,]=threshold;,,p0[9*M+33]=threshold;,,p0[481*M+457]=threshold;
9,40,457,488,,p0[,*M+,]=threshold;,,p0[9*M+40]=threshold;,,p0[488*M+457]=threshold;
9,41,457,489,,p0[,*M+,]=threshold;,,p0[9*M+41]=threshold;,,p0[489*M+457]=threshold;
9,61,457,509,,p0[,*M+,]=threshold;,,p0[9*M+61]=threshold;,,p0[509*M+457]=threshold;
9,80,457,528,,p0[,*M+,]=threshold;,,p0[9*M+80]=threshold;,,p0[528*M+457]=threshold;
10,14,458,462,,p0[,*M+,]=threshold;,,p0[10*M+14]=threshold;,,p0[462*M+458]=threshold;
10,30,458,478,,p0[,*M+,]=threshold;,,p0[10*M+30]=threshold;,,p0[478*M+458]=threshold;
10,33,458,481,,p0[,*M+,]=threshold;,,p0[10*M+33]=threshold;,,p0[481*M+458]=threshold;
10,44,458,492,,p0[,*M+,]=threshold;,,p0[10*M+44]=threshold;,,p0[492*M+458]=threshold;
10,55,458,503,,p0[,*M+,]=threshold;,,p0[10*M+55]=threshold;,,p0[503*M+458]=threshold;
10,58,458,506,,p0[,*M+,]=threshold;,,p0[10*M+58]=threshold;,,p0[506*M+458]=threshold;
10,69,458,517,,p0[,*M+,]=threshold;,,p0[10*M+69]=threshold;,,p0[517*M+458]=threshold;
10,71,458,519,,p0[,*M+,]=threshold;,,p0[10*M+71]=threshold;,,p0[519*M+458]=threshold;
10,82,458,530,,p0[,*M+,]=threshold;,,p0[10*M+82]=threshold;,,p0[530*M+458]=threshold;
10,90,458,538,,p0[,*M+,]=threshold;,,p0[10*M+90]=threshold;,,p0[538*M+458]=threshold;
10,96,458,544,,p0[,*M+,]=threshold;,,p0[10*M+96]=threshold;,,p0[544*M+458]=threshold;
11,24,459,472,,p0[,*M+,]=threshold;,,p0[11*M+24]=threshold;,,p0[472*M+459]=threshold;
11,29,459,477,,p0[,*M+,]=threshold;,,p0[11*M+29]=threshold;,,p0[477*M+459]=threshold;
11,67,459,515,,p0[,*M+,]=threshold;,,p0[11*M+67]=threshold;,,p0[515*M+459]=threshold;
11,78,459,526,,p0[,*M+,]=threshold;,,p0[11*M+78]=threshold;,,p0[526*M+459]=threshold;
11,96,459,544,,p0[,*M+,]=threshold;,,p0[11*M+96]=threshold;,,p0[544*M+459]=threshold;
11,97,459,545,,p0[,*M+,]=threshold;,,p0[11*M+97]=threshold;,,p0[545*M+459]=threshold;
12,14,460,462,,p0[,*M+,]=threshold;,,p0[12*M+14]=threshold;,,p0[462*M+460]=threshold;
12,27,460,475,,p0[,*M+,]=threshold;,,p0[12*M+27]=threshold;,,p0[475*M+460]=threshold;
12,28,460,476,,p0[,*M+,]=threshold;,,p0[12*M+28]=threshold;,,p0[476*M+460]=threshold;
12,32,460,480,,p0[,*M+,]=threshold;,,p0[12*M+32]=threshold;,,p0[480*M+460]=threshold;
12,46,460,494,,p0[,*M+,]=threshold;,,p0[12*M+46]=threshold;,,p0[494*M+460]=threshold;
12,68,460,516,,p0[,*M+,]=threshold;,,p0[12*M+68]=threshold;,,p0[516*M+460]=threshold;
12,72,460,520,,p0[,*M+,]=threshold;,,p0[12*M+72]=threshold;,,p0[520*M+460]=threshold;
12,76,460,524,,p0[,*M+,]=threshold;,,p0[12*M+76]=threshold;,,p0[524*M+460]=threshold;
12,79,460,527,,p0[,*M+,]=threshold;,,p0[12*M+79]=threshold;,,p0[527*M+460]=threshold;
12,99,460,547,,p0[,*M+,]=threshold;,,p0[12*M+99]=threshold;,,p0[547*M+460]=threshold;
13,14,461,462,,p0[,*M+,]=threshold;,,p0[13*M+14]=threshold;,,p0[462*M+461]=threshold;
13,46,461,494,,p0[,*M+,]=threshold;,,p0[13*M+46]=threshold;,,p0[494*M+461]=threshold;
13,47,461,495,,p0[,*M+,]=threshold;,,p0[13*M+47]=threshold;,,p0[495*M+461]=threshold;
13,50,461,498,,p0[,*M+,]=threshold;,,p0[13*M+50]=threshold;,,p0[498*M+461]=threshold;
13,52,461,500,,p0[,*M+,]=threshold;,,p0[13*M+52]=threshold;,,p0[500*M+461]=threshold;
13,62,461,510,,p0[,*M+,]=threshold;,,p0[13*M+62]=threshold;,,p0[510*M+461]=threshold;
13,66,461,514,,p0[,*M+,]=threshold;,,p0[13*M+66]=threshold;,,p0[514*M+461]=threshold;
13,77,461,525,,p0[,*M+,]=threshold;,,p0[13*M+77]=threshold;,,p0[525*M+461]=threshold;
13,98,461,546,,p0[,*M+,]=threshold;,,p0[13*M+98]=threshold;,,p0[546*M+461]=threshold;
14,31,462,479,,p0[,*M+,]=threshold;,,p0[14*M+31]=threshold;,,p0[479*M+462]=threshold;
14,40,462,488,,p0[,*M+,]=threshold;,,p0[14*M+40]=threshold;,,p0[488*M+462]=threshold;
14,41,462,489,,p0[,*M+,]=threshold;,,p0[14*M+41]=threshold;,,p0[489*M+462]=threshold;
14,50,462,498,,p0[,*M+,]=threshold;,,p0[14*M+50]=threshold;,,p0[498*M+462]=threshold;
14,71,462,519,,p0[,*M+,]=threshold;,,p0[14*M+71]=threshold;,,p0[519*M+462]=threshold;
14,89,462,537,,p0[,*M+,]=threshold;,,p0[14*M+89]=threshold;,,p0[537*M+462]=threshold;
15,16,463,464,,p0[,*M+,]=threshold;,,p0[15*M+16]=threshold;,,p0[464*M+463]=threshold;
15,33,463,481,,p0[,*M+,]=threshold;,,p0[15*M+33]=threshold;,,p0[481*M+463]=threshold;
15,42,463,490,,p0[,*M+,]=threshold;,,p0[15*M+42]=threshold;,,p0[490*M+463]=threshold;
15,45,463,493,,p0[,*M+,]=threshold;,,p0[15*M+45]=threshold;,,p0[493*M+463]=threshold;
15,50,463,498,,p0[,*M+,]=threshold;,,p0[15*M+50]=threshold;,,p0[498*M+463]=threshold;
15,56,463,504,,p0[,*M+,]=threshold;,,p0[15*M+56]=threshold;,,p0[504*M+463]=threshold;
15,68,463,516,,p0[,*M+,]=threshold;,,p0[15*M+68]=threshold;,,p0[516*M+463]=threshold;
15,70,463,518,,p0[,*M+,]=threshold;,,p0[15*M+70]=threshold;,,p0[518*M+463]=threshold;
15,95,463,543,,p0[,*M+,]=threshold;,,p0[15*M+95]=threshold;,,p0[543*M+463]=threshold;
16,26,464,474,,p0[,*M+,]=threshold;,,p0[16*M+26]=threshold;,,p0[474*M+464]=threshold;
16,47,464,495,,p0[,*M+,]=threshold;,,p0[16*M+47]=threshold;,,p0[495*M+464]=threshold;
16,49,464,497,,p0[,*M+,]=threshold;,,p0[16*M+49]=threshold;,,p0[497*M+464]=threshold;
16,65,464,513,,p0[,*M+,]=threshold;,,p0[16*M+65]=threshold;,,p0[513*M+464]=threshold;
16,73,464,521,,p0[,*M+,]=threshold;,,p0[16*M+73]=threshold;,,p0[521*M+464]=threshold;
16,74,464,522,,p0[,*M+,]=threshold;,,p0[16*M+74]=threshold;,,p0[522*M+464]=threshold;
16,95,464,543,,p0[,*M+,]=threshold;,,p0[16*M+95]=threshold;,,p0[543*M+464]=threshold;
17,25,465,473,,p0[,*M+,]=threshold;,,p0[17*M+25]=threshold;,,p0[473*M+465]=threshold;
17,64,465,512,,p0[,*M+,]=threshold;,,p0[17*M+64]=threshold;,,p0[512*M+465]=threshold;
17,89,465,537,,p0[,*M+,]=threshold;,,p0[17*M+89]=threshold;,,p0[537*M+465]=threshold;
18,31,466,479,,p0[,*M+,]=threshold;,,p0[18*M+31]=threshold;,,p0[479*M+466]=threshold;
18,35,466,483,,p0[,*M+,]=threshold;,,p0[18*M+35]=threshold;,,p0[483*M+466]=threshold;
18,52,466,500,,p0[,*M+,]=threshold;,,p0[18*M+52]=threshold;,,p0[500*M+466]=threshold;
18,59,466,507,,p0[,*M+,]=threshold;,,p0[18*M+59]=threshold;,,p0[507*M+466]=threshold;
18,93,466,541,,p0[,*M+,]=threshold;,,p0[18*M+93]=threshold;,,p0[541*M+466]=threshold;
19,25,467,473,,p0[,*M+,]=threshold;,,p0[19*M+25]=threshold;,,p0[473*M+467]=threshold;
19,28,467,476,,p0[,*M+,]=threshold;,,p0[19*M+28]=threshold;,,p0[476*M+467]=threshold;
19,29,467,477,,p0[,*M+,]=threshold;,,p0[19*M+29]=threshold;,,p0[477*M+467]=threshold;
19,34,467,482,,p0[,*M+,]=threshold;,,p0[19*M+34]=threshold;,,p0[482*M+467]=threshold;
19,37,467,485,,p0[,*M+,]=threshold;,,p0[19*M+37]=threshold;,,p0[485*M+467]=threshold;
19,44,467,492,,p0[,*M+,]=threshold;,,p0[19*M+44]=threshold;,,p0[492*M+467]=threshold;
19,69,467,517,,p0[,*M+,]=threshold;,,p0[19*M+69]=threshold;,,p0[517*M+467]=threshold;
19,84,467,532,,p0[,*M+,]=threshold;,,p0[19*M+84]=threshold;,,p0[532*M+467]=threshold;
20,25,468,473,,p0[,*M+,]=threshold;,,p0[20*M+25]=threshold;,,p0[473*M+468]=threshold;
20,26,468,474,,p0[,*M+,]=threshold;,,p0[20*M+26]=threshold;,,p0[474*M+468]=threshold;
20,43,468,491,,p0[,*M+,]=threshold;,,p0[20*M+43]=threshold;,,p0[491*M+468]=threshold;
20,67,468,515,,p0[,*M+,]=threshold;,,p0[20*M+67]=threshold;,,p0[515*M+468]=threshold;
20,70,468,518,,p0[,*M+,]=threshold;,,p0[20*M+70]=threshold;,,p0[518*M+468]=threshold;
20,75,468,523,,p0[,*M+,]=threshold;,,p0[20*M+75]=threshold;,,p0[523*M+468]=threshold;
20,81,468,529,,p0[,*M+,]=threshold;,,p0[20*M+81]=threshold;,,p0[529*M+468]=threshold;
21,24,469,472,,p0[,*M+,]=threshold;,,p0[21*M+24]=threshold;,,p0[472*M+469]=threshold;
21,29,469,477,,p0[,*M+,]=threshold;,,p0[21*M+29]=threshold;,,p0[477*M+469]=threshold;
21,34,469,482,,p0[,*M+,]=threshold;,,p0[21*M+34]=threshold;,,p0[482*M+469]=threshold;
21,43,469,491,,p0[,*M+,]=threshold;,,p0[21*M+43]=threshold;,,p0[491*M+469]=threshold;
21,65,469,513,,p0[,*M+,]=threshold;,,p0[21*M+65]=threshold;,,p0[513*M+469]=threshold;
21,67,469,515,,p0[,*M+,]=threshold;,,p0[21*M+67]=threshold;,,p0[515*M+469]=threshold;
21,71,469,519,,p0[,*M+,]=threshold;,,p0[21*M+71]=threshold;,,p0[519*M+469]=threshold;
21,78,469,526,,p0[,*M+,]=threshold;,,p0[21*M+78]=threshold;,,p0[526*M+469]=threshold;
21,80,469,528,,p0[,*M+,]=threshold;,,p0[21*M+80]=threshold;,,p0[528*M+469]=threshold;
22,24,470,472,,p0[,*M+,]=threshold;,,p0[22*M+24]=threshold;,,p0[472*M+470]=threshold;
22,26,470,474,,p0[,*M+,]=threshold;,,p0[22*M+26]=threshold;,,p0[474*M+470]=threshold;
22,39,470,487,,p0[,*M+,]=threshold;,,p0[22*M+39]=threshold;,,p0[487*M+470]=threshold;
22,42,470,490,,p0[,*M+,]=threshold;,,p0[22*M+42]=threshold;,,p0[490*M+470]=threshold;
22,44,470,492,,p0[,*M+,]=threshold;,,p0[22*M+44]=threshold;,,p0[492*M+470]=threshold;
22,54,470,502,,p0[,*M+,]=threshold;,,p0[22*M+54]=threshold;,,p0[502*M+470]=threshold;
22,60,470,508,,p0[,*M+,]=threshold;,,p0[22*M+60]=threshold;,,p0[508*M+470]=threshold;
22,77,470,525,,p0[,*M+,]=threshold;,,p0[22*M+77]=threshold;,,p0[525*M+470]=threshold;
22,78,470,526,,p0[,*M+,]=threshold;,,p0[22*M+78]=threshold;,,p0[526*M+470]=threshold;
23,29,471,477,,p0[,*M+,]=threshold;,,p0[23*M+29]=threshold;,,p0[477*M+471]=threshold;
23,49,471,497,,p0[,*M+,]=threshold;,,p0[23*M+49]=threshold;,,p0[497*M+471]=threshold;
23,50,471,498,,p0[,*M+,]=threshold;,,p0[23*M+50]=threshold;,,p0[498*M+471]=threshold;
23,62,471,510,,p0[,*M+,]=threshold;,,p0[23*M+62]=threshold;,,p0[510*M+471]=threshold;
23,64,471,512,,p0[,*M+,]=threshold;,,p0[23*M+64]=threshold;,,p0[512*M+471]=threshold;
24,37,472,485,,p0[,*M+,]=threshold;,,p0[24*M+37]=threshold;,,p0[485*M+472]=threshold;
24,46,472,494,,p0[,*M+,]=threshold;,,p0[24*M+46]=threshold;,,p0[494*M+472]=threshold;
24,49,472,497,,p0[,*M+,]=threshold;,,p0[24*M+49]=threshold;,,p0[497*M+472]=threshold;
24,50,472,498,,p0[,*M+,]=threshold;,,p0[24*M+50]=threshold;,,p0[498*M+472]=threshold;
24,67,472,515,,p0[,*M+,]=threshold;,,p0[24*M+67]=threshold;,,p0[515*M+472]=threshold;
24,81,472,529,,p0[,*M+,]=threshold;,,p0[24*M+81]=threshold;,,p0[529*M+472]=threshold;
24,92,472,540,,p0[,*M+,]=threshold;,,p0[24*M+92]=threshold;,,p0[540*M+472]=threshold;
25,31,473,479,,p0[,*M+,]=threshold;,,p0[25*M+31]=threshold;,,p0[479*M+473]=threshold;
25,35,473,483,,p0[,*M+,]=threshold;,,p0[25*M+35]=threshold;,,p0[483*M+473]=threshold;
25,36,473,484,,p0[,*M+,]=threshold;,,p0[25*M+36]=threshold;,,p0[484*M+473]=threshold;
25,54,473,502,,p0[,*M+,]=threshold;,,p0[25*M+54]=threshold;,,p0[502*M+473]=threshold;
25,57,473,505,,p0[,*M+,]=threshold;,,p0[25*M+57]=threshold;,,p0[505*M+473]=threshold;
25,73,473,521,,p0[,*M+,]=threshold;,,p0[25*M+73]=threshold;,,p0[521*M+473]=threshold;
25,80,473,528,,p0[,*M+,]=threshold;,,p0[25*M+80]=threshold;,,p0[528*M+473]=threshold;
26,28,474,476,,p0[,*M+,]=threshold;,,p0[26*M+28]=threshold;,,p0[476*M+474]=threshold;
26,31,474,479,,p0[,*M+,]=threshold;,,p0[26*M+31]=threshold;,,p0[479*M+474]=threshold;
26,33,474,481,,p0[,*M+,]=threshold;,,p0[26*M+33]=threshold;,,p0[481*M+474]=threshold;
26,54,474,502,,p0[,*M+,]=threshold;,,p0[26*M+54]=threshold;,,p0[502*M+474]=threshold;
26,71,474,519,,p0[,*M+,]=threshold;,,p0[26*M+71]=threshold;,,p0[519*M+474]=threshold;
26,86,474,534,,p0[,*M+,]=threshold;,,p0[26*M+86]=threshold;,,p0[534*M+474]=threshold;
26,91,474,539,,p0[,*M+,]=threshold;,,p0[26*M+91]=threshold;,,p0[539*M+474]=threshold;
27,38,475,486,,p0[,*M+,]=threshold;,,p0[27*M+38]=threshold;,,p0[486*M+475]=threshold;
27,52,475,500,,p0[,*M+,]=threshold;,,p0[27*M+52]=threshold;,,p0[500*M+475]=threshold;
27,56,475,504,,p0[,*M+,]=threshold;,,p0[27*M+56]=threshold;,,p0[504*M+475]=threshold;
27,61,475,509,,p0[,*M+,]=threshold;,,p0[27*M+61]=threshold;,,p0[509*M+475]=threshold;
27,70,475,518,,p0[,*M+,]=threshold;,,p0[27*M+70]=threshold;,,p0[518*M+475]=threshold;
27,80,475,528,,p0[,*M+,]=threshold;,,p0[27*M+80]=threshold;,,p0[528*M+475]=threshold;
27,87,475,535,,p0[,*M+,]=threshold;,,p0[27*M+87]=threshold;,,p0[535*M+475]=threshold;
28,33,476,481,,p0[,*M+,]=threshold;,,p0[28*M+33]=threshold;,,p0[481*M+476]=threshold;
28,40,476,488,,p0[,*M+,]=threshold;,,p0[28*M+40]=threshold;,,p0[488*M+476]=threshold;
28,56,476,504,,p0[,*M+,]=threshold;,,p0[28*M+56]=threshold;,,p0[504*M+476]=threshold;
28,59,476,507,,p0[,*M+,]=threshold;,,p0[28*M+59]=threshold;,,p0[507*M+476]=threshold;
28,65,476,513,,p0[,*M+,]=threshold;,,p0[28*M+65]=threshold;,,p0[513*M+476]=threshold;
28,67,476,515,,p0[,*M+,]=threshold;,,p0[28*M+67]=threshold;,,p0[515*M+476]=threshold;
28,90,476,538,,p0[,*M+,]=threshold;,,p0[28*M+90]=threshold;,,p0[538*M+476]=threshold;
28,98,476,546,,p0[,*M+,]=threshold;,,p0[28*M+98]=threshold;,,p0[546*M+476]=threshold;
29,40,477,488,,p0[,*M+,]=threshold;,,p0[29*M+40]=threshold;,,p0[488*M+477]=threshold;
29,55,477,503,,p0[,*M+,]=threshold;,,p0[29*M+55]=threshold;,,p0[503*M+477]=threshold;
29,74,477,522,,p0[,*M+,]=threshold;,,p0[29*M+74]=threshold;,,p0[522*M+477]=threshold;
30,31,478,479,,p0[,*M+,]=threshold;,,p0[30*M+31]=threshold;,,p0[479*M+478]=threshold;
30,33,478,481,,p0[,*M+,]=threshold;,,p0[30*M+33]=threshold;,,p0[481*M+478]=threshold;
30,52,478,500,,p0[,*M+,]=threshold;,,p0[30*M+52]=threshold;,,p0[500*M+478]=threshold;
30,99,478,547,,p0[,*M+,]=threshold;,,p0[30*M+99]=threshold;,,p0[547*M+478]=threshold;
31,36,479,484,,p0[,*M+,]=threshold;,,p0[31*M+36]=threshold;,,p0[484*M+479]=threshold;
31,39,479,487,,p0[,*M+,]=threshold;,,p0[31*M+39]=threshold;,,p0[487*M+479]=threshold;
31,41,479,489,,p0[,*M+,]=threshold;,,p0[31*M+41]=threshold;,,p0[489*M+479]=threshold;
31,62,479,510,,p0[,*M+,]=threshold;,,p0[31*M+62]=threshold;,,p0[510*M+479]=threshold;
31,64,479,512,,p0[,*M+,]=threshold;,,p0[31*M+64]=threshold;,,p0[512*M+479]=threshold;
31,65,479,513,,p0[,*M+,]=threshold;,,p0[31*M+65]=threshold;,,p0[513*M+479]=threshold;
31,75,479,523,,p0[,*M+,]=threshold;,,p0[31*M+75]=threshold;,,p0[523*M+479]=threshold;
31,76,479,524,,p0[,*M+,]=threshold;,,p0[31*M+76]=threshold;,,p0[524*M+479]=threshold;
31,86,479,534,,p0[,*M+,]=threshold;,,p0[31*M+86]=threshold;,,p0[534*M+479]=threshold;
32,60,480,508,,p0[,*M+,]=threshold;,,p0[32*M+60]=threshold;,,p0[508*M+480]=threshold;
33,34,481,482,,p0[,*M+,]=threshold;,,p0[33*M+34]=threshold;,,p0[482*M+481]=threshold;
33,35,481,483,,p0[,*M+,]=threshold;,,p0[33*M+35]=threshold;,,p0[483*M+481]=threshold;
33,38,481,486,,p0[,*M+,]=threshold;,,p0[33*M+38]=threshold;,,p0[486*M+481]=threshold;
33,66,481,514,,p0[,*M+,]=threshold;,,p0[33*M+66]=threshold;,,p0[514*M+481]=threshold;
33,79,481,527,,p0[,*M+,]=threshold;,,p0[33*M+79]=threshold;,,p0[527*M+481]=threshold;
33,84,481,532,,p0[,*M+,]=threshold;,,p0[33*M+84]=threshold;,,p0[532*M+481]=threshold;
34,35,482,483,,p0[,*M+,]=threshold;,,p0[34*M+35]=threshold;,,p0[483*M+482]=threshold;
34,42,482,490,,p0[,*M+,]=threshold;,,p0[34*M+42]=threshold;,,p0[490*M+482]=threshold;
34,46,482,494,,p0[,*M+,]=threshold;,,p0[34*M+46]=threshold;,,p0[494*M+482]=threshold;
34,52,482,500,,p0[,*M+,]=threshold;,,p0[34*M+52]=threshold;,,p0[500*M+482]=threshold;
34,54,482,502,,p0[,*M+,]=threshold;,,p0[34*M+54]=threshold;,,p0[502*M+482]=threshold;
34,56,482,504,,p0[,*M+,]=threshold;,,p0[34*M+56]=threshold;,,p0[504*M+482]=threshold;
34,61,482,509,,p0[,*M+,]=threshold;,,p0[34*M+61]=threshold;,,p0[509*M+482]=threshold;
34,69,482,517,,p0[,*M+,]=threshold;,,p0[34*M+69]=threshold;,,p0[517*M+482]=threshold;
34,72,482,520,,p0[,*M+,]=threshold;,,p0[34*M+72]=threshold;,,p0[520*M+482]=threshold;
34,73,482,521,,p0[,*M+,]=threshold;,,p0[34*M+73]=threshold;,,p0[521*M+482]=threshold;
34,77,482,525,,p0[,*M+,]=threshold;,,p0[34*M+77]=threshold;,,p0[525*M+482]=threshold;
34,87,482,535,,p0[,*M+,]=threshold;,,p0[34*M+87]=threshold;,,p0[535*M+482]=threshold;
34,92,482,540,,p0[,*M+,]=threshold;,,p0[34*M+92]=threshold;,,p0[540*M+482]=threshold;
35,57,483,505,,p0[,*M+,]=threshold;,,p0[35*M+57]=threshold;,,p0[505*M+483]=threshold;
36,50,484,498,,p0[,*M+,]=threshold;,,p0[36*M+50]=threshold;,,p0[498*M+484]=threshold;
36,77,484,525,,p0[,*M+,]=threshold;,,p0[36*M+77]=threshold;,,p0[525*M+484]=threshold;
36,79,484,527,,p0[,*M+,]=threshold;,,p0[36*M+79]=threshold;,,p0[527*M+484]=threshold;
36,89,484,537,,p0[,*M+,]=threshold;,,p0[36*M+89]=threshold;,,p0[537*M+484]=threshold;
36,91,484,539,,p0[,*M+,]=threshold;,,p0[36*M+91]=threshold;,,p0[539*M+484]=threshold;
37,40,485,488,,p0[,*M+,]=threshold;,,p0[37*M+40]=threshold;,,p0[488*M+485]=threshold;
37,44,485,492,,p0[,*M+,]=threshold;,,p0[37*M+44]=threshold;,,p0[492*M+485]=threshold;
37,52,485,500,,p0[,*M+,]=threshold;,,p0[37*M+52]=threshold;,,p0[500*M+485]=threshold;
37,55,485,503,,p0[,*M+,]=threshold;,,p0[37*M+55]=threshold;,,p0[503*M+485]=threshold;
37,62,485,510,,p0[,*M+,]=threshold;,,p0[37*M+62]=threshold;,,p0[510*M+485]=threshold;
37,77,485,525,,p0[,*M+,]=threshold;,,p0[37*M+77]=threshold;,,p0[525*M+485]=threshold;
37,93,485,541,,p0[,*M+,]=threshold;,,p0[37*M+93]=threshold;,,p0[541*M+485]=threshold;
37,94,485,542,,p0[,*M+,]=threshold;,,p0[37*M+94]=threshold;,,p0[542*M+485]=threshold;
37,99,485,547,,p0[,*M+,]=threshold;,,p0[37*M+99]=threshold;,,p0[547*M+485]=threshold;
38,46,486,494,,p0[,*M+,]=threshold;,,p0[38*M+46]=threshold;,,p0[494*M+486]=threshold;
38,53,486,501,,p0[,*M+,]=threshold;,,p0[38*M+53]=threshold;,,p0[501*M+486]=threshold;
38,62,486,510,,p0[,*M+,]=threshold;,,p0[38*M+62]=threshold;,,p0[510*M+486]=threshold;
38,96,486,544,,p0[,*M+,]=threshold;,,p0[38*M+96]=threshold;,,p0[544*M+486]=threshold;
39,43,487,491,,p0[,*M+,]=threshold;,,p0[39*M+43]=threshold;,,p0[491*M+487]=threshold;
39,49,487,497,,p0[,*M+,]=threshold;,,p0[39*M+49]=threshold;,,p0[497*M+487]=threshold;
39,59,487,507,,p0[,*M+,]=threshold;,,p0[39*M+59]=threshold;,,p0[507*M+487]=threshold;
39,64,487,512,,p0[,*M+,]=threshold;,,p0[39*M+64]=threshold;,,p0[512*M+487]=threshold;
39,73,487,521,,p0[,*M+,]=threshold;,,p0[39*M+73]=threshold;,,p0[521*M+487]=threshold;
39,75,487,523,,p0[,*M+,]=threshold;,,p0[39*M+75]=threshold;,,p0[523*M+487]=threshold;
39,91,487,539,,p0[,*M+,]=threshold;,,p0[39*M+91]=threshold;,,p0[539*M+487]=threshold;
39,94,487,542,,p0[,*M+,]=threshold;,,p0[39*M+94]=threshold;,,p0[542*M+487]=threshold;
39,96,487,544,,p0[,*M+,]=threshold;,,p0[39*M+96]=threshold;,,p0[544*M+487]=threshold;
39,97,487,545,,p0[,*M+,]=threshold;,,p0[39*M+97]=threshold;,,p0[545*M+487]=threshold;
40,41,488,489,,p0[,*M+,]=threshold;,,p0[40*M+41]=threshold;,,p0[489*M+488]=threshold;
40,46,488,494,,p0[,*M+,]=threshold;,,p0[40*M+46]=threshold;,,p0[494*M+488]=threshold;
40,51,488,499,,p0[,*M+,]=threshold;,,p0[40*M+51]=threshold;,,p0[499*M+488]=threshold;
40,61,488,509,,p0[,*M+,]=threshold;,,p0[40*M+61]=threshold;,,p0[509*M+488]=threshold;
40,66,488,514,,p0[,*M+,]=threshold;,,p0[40*M+66]=threshold;,,p0[514*M+488]=threshold;
40,74,488,522,,p0[,*M+,]=threshold;,,p0[40*M+74]=threshold;,,p0[522*M+488]=threshold;
41,67,489,515,,p0[,*M+,]=threshold;,,p0[41*M+67]=threshold;,,p0[515*M+489]=threshold;
41,89,489,537,,p0[,*M+,]=threshold;,,p0[41*M+89]=threshold;,,p0[537*M+489]=threshold;
42,47,490,495,,p0[,*M+,]=threshold;,,p0[42*M+47]=threshold;,,p0[495*M+490]=threshold;
42,55,490,503,,p0[,*M+,]=threshold;,,p0[42*M+55]=threshold;,,p0[503*M+490]=threshold;
42,61,490,509,,p0[,*M+,]=threshold;,,p0[42*M+61]=threshold;,,p0[509*M+490]=threshold;
42,99,490,547,,p0[,*M+,]=threshold;,,p0[42*M+99]=threshold;,,p0[547*M+490]=threshold;
43,44,491,492,,p0[,*M+,]=threshold;,,p0[43*M+44]=threshold;,,p0[492*M+491]=threshold;
43,49,491,497,,p0[,*M+,]=threshold;,,p0[43*M+49]=threshold;,,p0[497*M+491]=threshold;
43,76,491,524,,p0[,*M+,]=threshold;,,p0[43*M+76]=threshold;,,p0[524*M+491]=threshold;
44,64,492,512,,p0[,*M+,]=threshold;,,p0[44*M+64]=threshold;,,p0[512*M+492]=threshold;
44,66,492,514,,p0[,*M+,]=threshold;,,p0[44*M+66]=threshold;,,p0[514*M+492]=threshold;
44,69,492,517,,p0[,*M+,]=threshold;,,p0[44*M+69]=threshold;,,p0[517*M+492]=threshold;
44,73,492,521,,p0[,*M+,]=threshold;,,p0[44*M+73]=threshold;,,p0[521*M+492]=threshold;
44,77,492,525,,p0[,*M+,]=threshold;,,p0[44*M+77]=threshold;,,p0[525*M+492]=threshold;
44,78,492,526,,p0[,*M+,]=threshold;,,p0[44*M+78]=threshold;,,p0[526*M+492]=threshold;
44,96,492,544,,p0[,*M+,]=threshold;,,p0[44*M+96]=threshold;,,p0[544*M+492]=threshold;
45,52,493,500,,p0[,*M+,]=threshold;,,p0[45*M+52]=threshold;,,p0[500*M+493]=threshold;
45,53,493,501,,p0[,*M+,]=threshold;,,p0[45*M+53]=threshold;,,p0[501*M+493]=threshold;
45,68,493,516,,p0[,*M+,]=threshold;,,p0[45*M+68]=threshold;,,p0[516*M+493]=threshold;
45,74,493,522,,p0[,*M+,]=threshold;,,p0[45*M+74]=threshold;,,p0[522*M+493]=threshold;
45,94,493,542,,p0[,*M+,]=threshold;,,p0[45*M+94]=threshold;,,p0[542*M+493]=threshold;
46,61,494,509,,p0[,*M+,]=threshold;,,p0[46*M+61]=threshold;,,p0[509*M+494]=threshold;
46,66,494,514,,p0[,*M+,]=threshold;,,p0[46*M+66]=threshold;,,p0[514*M+494]=threshold;
46,70,494,518,,p0[,*M+,]=threshold;,,p0[46*M+70]=threshold;,,p0[518*M+494]=threshold;
46,74,494,522,,p0[,*M+,]=threshold;,,p0[46*M+74]=threshold;,,p0[522*M+494]=threshold;
46,91,494,539,,p0[,*M+,]=threshold;,,p0[46*M+91]=threshold;,,p0[539*M+494]=threshold;
47,53,495,501,,p0[,*M+,]=threshold;,,p0[47*M+53]=threshold;,,p0[501*M+495]=threshold;
47,64,495,512,,p0[,*M+,]=threshold;,,p0[47*M+64]=threshold;,,p0[512*M+495]=threshold;
47,84,495,532,,p0[,*M+,]=threshold;,,p0[47*M+84]=threshold;,,p0[532*M+495]=threshold;
47,88,495,536,,p0[,*M+,]=threshold;,,p0[47*M+88]=threshold;,,p0[536*M+495]=threshold;
47,96,495,544,,p0[,*M+,]=threshold;,,p0[47*M+96]=threshold;,,p0[544*M+495]=threshold;
48,49,496,497,,p0[,*M+,]=threshold;,,p0[48*M+49]=threshold;,,p0[497*M+496]=threshold;
48,65,496,513,,p0[,*M+,]=threshold;,,p0[48*M+65]=threshold;,,p0[513*M+496]=threshold;
48,66,496,514,,p0[,*M+,]=threshold;,,p0[48*M+66]=threshold;,,p0[514*M+496]=threshold;
48,68,496,516,,p0[,*M+,]=threshold;,,p0[48*M+68]=threshold;,,p0[516*M+496]=threshold;
48,71,496,519,,p0[,*M+,]=threshold;,,p0[48*M+71]=threshold;,,p0[519*M+496]=threshold;
48,72,496,520,,p0[,*M+,]=threshold;,,p0[48*M+72]=threshold;,,p0[520*M+496]=threshold;
48,77,496,525,,p0[,*M+,]=threshold;,,p0[48*M+77]=threshold;,,p0[525*M+496]=threshold;
48,80,496,528,,p0[,*M+,]=threshold;,,p0[48*M+80]=threshold;,,p0[528*M+496]=threshold;
48,87,496,535,,p0[,*M+,]=threshold;,,p0[48*M+87]=threshold;,,p0[535*M+496]=threshold;
48,90,496,538,,p0[,*M+,]=threshold;,,p0[48*M+90]=threshold;,,p0[538*M+496]=threshold;
49,57,497,505,,p0[,*M+,]=threshold;,,p0[49*M+57]=threshold;,,p0[505*M+497]=threshold;
49,66,497,514,,p0[,*M+,]=threshold;,,p0[49*M+66]=threshold;,,p0[514*M+497]=threshold;
49,79,497,527,,p0[,*M+,]=threshold;,,p0[49*M+79]=threshold;,,p0[527*M+497]=threshold;
49,83,497,531,,p0[,*M+,]=threshold;,,p0[49*M+83]=threshold;,,p0[531*M+497]=threshold;
49,84,497,532,,p0[,*M+,]=threshold;,,p0[49*M+84]=threshold;,,p0[532*M+497]=threshold;
49,98,497,546,,p0[,*M+,]=threshold;,,p0[49*M+98]=threshold;,,p0[546*M+497]=threshold;
50,56,498,504,,p0[,*M+,]=threshold;,,p0[50*M+56]=threshold;,,p0[504*M+498]=threshold;
50,76,498,524,,p0[,*M+,]=threshold;,,p0[50*M+76]=threshold;,,p0[524*M+498]=threshold;
50,82,498,530,,p0[,*M+,]=threshold;,,p0[50*M+82]=threshold;,,p0[530*M+498]=threshold;
50,89,498,537,,p0[,*M+,]=threshold;,,p0[50*M+89]=threshold;,,p0[537*M+498]=threshold;
50,93,498,541,,p0[,*M+,]=threshold;,,p0[50*M+93]=threshold;,,p0[541*M+498]=threshold;
51,66,499,514,,p0[,*M+,]=threshold;,,p0[51*M+66]=threshold;,,p0[514*M+499]=threshold;
51,94,499,542,,p0[,*M+,]=threshold;,,p0[51*M+94]=threshold;,,p0[542*M+499]=threshold;
52,64,500,512,,p0[,*M+,]=threshold;,,p0[52*M+64]=threshold;,,p0[512*M+500]=threshold;
52,78,500,526,,p0[,*M+,]=threshold;,,p0[52*M+78]=threshold;,,p0[526*M+500]=threshold;
52,90,500,538,,p0[,*M+,]=threshold;,,p0[52*M+90]=threshold;,,p0[538*M+500]=threshold;
52,99,500,547,,p0[,*M+,]=threshold;,,p0[52*M+99]=threshold;,,p0[547*M+500]=threshold;
53,68,501,516,,p0[,*M+,]=threshold;,,p0[53*M+68]=threshold;,,p0[516*M+501]=threshold;
53,70,501,518,,p0[,*M+,]=threshold;,,p0[53*M+70]=threshold;,,p0[518*M+501]=threshold;
53,85,501,533,,p0[,*M+,]=threshold;,,p0[53*M+85]=threshold;,,p0[533*M+501]=threshold;
54,64,502,512,,p0[,*M+,]=threshold;,,p0[54*M+64]=threshold;,,p0[512*M+502]=threshold;
54,79,502,527,,p0[,*M+,]=threshold;,,p0[54*M+79]=threshold;,,p0[527*M+502]=threshold;
54,83,502,531,,p0[,*M+,]=threshold;,,p0[54*M+83]=threshold;,,p0[531*M+502]=threshold;
54,84,502,532,,p0[,*M+,]=threshold;,,p0[54*M+84]=threshold;,,p0[532*M+502]=threshold;
54,96,502,544,,p0[,*M+,]=threshold;,,p0[54*M+96]=threshold;,,p0[544*M+502]=threshold;
55,72,503,520,,p0[,*M+,]=threshold;,,p0[55*M+72]=threshold;,,p0[520*M+503]=threshold;
55,76,503,524,,p0[,*M+,]=threshold;,,p0[55*M+76]=threshold;,,p0[524*M+503]=threshold;
56,74,504,522,,p0[,*M+,]=threshold;,,p0[56*M+74]=threshold;,,p0[522*M+504]=threshold;
56,78,504,526,,p0[,*M+,]=threshold;,,p0[56*M+78]=threshold;,,p0[526*M+504]=threshold;
56,82,504,530,,p0[,*M+,]=threshold;,,p0[56*M+82]=threshold;,,p0[530*M+504]=threshold;
56,83,504,531,,p0[,*M+,]=threshold;,,p0[56*M+83]=threshold;,,p0[531*M+504]=threshold;
56,97,504,545,,p0[,*M+,]=threshold;,,p0[56*M+97]=threshold;,,p0[545*M+504]=threshold;
56,98,504,546,,p0[,*M+,]=threshold;,,p0[56*M+98]=threshold;,,p0[546*M+504]=threshold;
57,58,505,506,,p0[,*M+,]=threshold;,,p0[57*M+58]=threshold;,,p0[506*M+505]=threshold;
57,67,505,515,,p0[,*M+,]=threshold;,,p0[57*M+67]=threshold;,,p0[515*M+505]=threshold;
57,69,505,517,,p0[,*M+,]=threshold;,,p0[57*M+69]=threshold;,,p0[517*M+505]=threshold;
57,76,505,524,,p0[,*M+,]=threshold;,,p0[57*M+76]=threshold;,,p0[524*M+505]=threshold;
57,87,505,535,,p0[,*M+,]=threshold;,,p0[57*M+87]=threshold;,,p0[535*M+505]=threshold;
57,91,505,539,,p0[,*M+,]=threshold;,,p0[57*M+91]=threshold;,,p0[539*M+505]=threshold;
58,68,506,516,,p0[,*M+,]=threshold;,,p0[58*M+68]=threshold;,,p0[516*M+506]=threshold;
58,85,506,533,,p0[,*M+,]=threshold;,,p0[58*M+85]=threshold;,,p0[533*M+506]=threshold;
58,86,506,534,,p0[,*M+,]=threshold;,,p0[58*M+86]=threshold;,,p0[534*M+506]=threshold;
58,87,506,535,,p0[,*M+,]=threshold;,,p0[58*M+87]=threshold;,,p0[535*M+506]=threshold;
58,94,506,542,,p0[,*M+,]=threshold;,,p0[58*M+94]=threshold;,,p0[542*M+506]=threshold;
58,95,506,543,,p0[,*M+,]=threshold;,,p0[58*M+95]=threshold;,,p0[543*M+506]=threshold;
59,60,507,508,,p0[,*M+,]=threshold;,,p0[59*M+60]=threshold;,,p0[508*M+507]=threshold;
59,61,507,509,,p0[,*M+,]=threshold;,,p0[59*M+61]=threshold;,,p0[509*M+507]=threshold;
59,91,507,539,,p0[,*M+,]=threshold;,,p0[59*M+91]=threshold;,,p0[539*M+507]=threshold;
60,68,508,516,,p0[,*M+,]=threshold;,,p0[60*M+68]=threshold;,,p0[516*M+508]=threshold;
60,83,508,531,,p0[,*M+,]=threshold;,,p0[60*M+83]=threshold;,,p0[531*M+508]=threshold;
61,73,509,521,,p0[,*M+,]=threshold;,,p0[61*M+73]=threshold;,,p0[521*M+509]=threshold;
61,88,509,536,,p0[,*M+,]=threshold;,,p0[61*M+88]=threshold;,,p0[536*M+509]=threshold;
61,94,509,542,,p0[,*M+,]=threshold;,,p0[61*M+94]=threshold;,,p0[542*M+509]=threshold;
61,96,509,544,,p0[,*M+,]=threshold;,,p0[61*M+96]=threshold;,,p0[544*M+509]=threshold;
62,72,510,520,,p0[,*M+,]=threshold;,,p0[62*M+72]=threshold;,,p0[520*M+510]=threshold;
62,91,510,539,,p0[,*M+,]=threshold;,,p0[62*M+91]=threshold;,,p0[539*M+510]=threshold;
62,98,510,546,,p0[,*M+,]=threshold;,,p0[62*M+98]=threshold;,,p0[546*M+510]=threshold;
63,70,511,518,,p0[,*M+,]=threshold;,,p0[63*M+70]=threshold;,,p0[518*M+511]=threshold;
63,79,511,527,,p0[,*M+,]=threshold;,,p0[63*M+79]=threshold;,,p0[527*M+511]=threshold;
63,83,511,531,,p0[,*M+,]=threshold;,,p0[63*M+83]=threshold;,,p0[531*M+511]=threshold;
63,87,511,535,,p0[,*M+,]=threshold;,,p0[63*M+87]=threshold;,,p0[535*M+511]=threshold;
63,96,511,544,,p0[,*M+,]=threshold;,,p0[63*M+96]=threshold;,,p0[544*M+511]=threshold;
64,68,512,516,,p0[,*M+,]=threshold;,,p0[64*M+68]=threshold;,,p0[516*M+512]=threshold;
64,70,512,518,,p0[,*M+,]=threshold;,,p0[64*M+70]=threshold;,,p0[518*M+512]=threshold;
64,72,512,520,,p0[,*M+,]=threshold;,,p0[64*M+72]=threshold;,,p0[520*M+512]=threshold;
64,75,512,523,,p0[,*M+,]=threshold;,,p0[64*M+75]=threshold;,,p0[523*M+512]=threshold;
64,76,512,524,,p0[,*M+,]=threshold;,,p0[64*M+76]=threshold;,,p0[524*M+512]=threshold;
64,78,512,526,,p0[,*M+,]=threshold;,,p0[64*M+78]=threshold;,,p0[526*M+512]=threshold;
64,87,512,535,,p0[,*M+,]=threshold;,,p0[64*M+87]=threshold;,,p0[535*M+512]=threshold;
64,99,512,547,,p0[,*M+,]=threshold;,,p0[64*M+99]=threshold;,,p0[547*M+512]=threshold;
65,68,513,516,,p0[,*M+,]=threshold;,,p0[65*M+68]=threshold;,,p0[516*M+513]=threshold;
65,73,513,521,,p0[,*M+,]=threshold;,,p0[65*M+73]=threshold;,,p0[521*M+513]=threshold;
65,81,513,529,,p0[,*M+,]=threshold;,,p0[65*M+81]=threshold;,,p0[529*M+513]=threshold;
65,86,513,534,,p0[,*M+,]=threshold;,,p0[65*M+86]=threshold;,,p0[534*M+513]=threshold;
66,69,514,517,,p0[,*M+,]=threshold;,,p0[66*M+69]=threshold;,,p0[517*M+514]=threshold;
66,70,514,518,,p0[,*M+,]=threshold;,,p0[66*M+70]=threshold;,,p0[518*M+514]=threshold;
66,71,514,519,,p0[,*M+,]=threshold;,,p0[66*M+71]=threshold;,,p0[519*M+514]=threshold;
66,82,514,530,,p0[,*M+,]=threshold;,,p0[66*M+82]=threshold;,,p0[530*M+514]=threshold;
66,95,514,543,,p0[,*M+,]=threshold;,,p0[66*M+95]=threshold;,,p0[543*M+514]=threshold;
67,74,515,522,,p0[,*M+,]=threshold;,,p0[67*M+74]=threshold;,,p0[522*M+515]=threshold;
67,80,515,528,,p0[,*M+,]=threshold;,,p0[67*M+80]=threshold;,,p0[528*M+515]=threshold;
67,86,515,534,,p0[,*M+,]=threshold;,,p0[67*M+86]=threshold;,,p0[534*M+515]=threshold;
67,90,515,538,,p0[,*M+,]=threshold;,,p0[67*M+90]=threshold;,,p0[538*M+515]=threshold;
68,69,516,517,,p0[,*M+,]=threshold;,,p0[68*M+69]=threshold;,,p0[517*M+516]=threshold;
68,78,516,526,,p0[,*M+,]=threshold;,,p0[68*M+78]=threshold;,,p0[526*M+516]=threshold;
68,79,516,527,,p0[,*M+,]=threshold;,,p0[68*M+79]=threshold;,,p0[527*M+516]=threshold;
69,73,517,521,,p0[,*M+,]=threshold;,,p0[69*M+73]=threshold;,,p0[521*M+517]=threshold;
69,94,517,542,,p0[,*M+,]=threshold;,,p0[69*M+94]=threshold;,,p0[542*M+517]=threshold;
69,96,517,544,,p0[,*M+,]=threshold;,,p0[69*M+96]=threshold;,,p0[544*M+517]=threshold;
69,99,517,547,,p0[,*M+,]=threshold;,,p0[69*M+99]=threshold;,,p0[547*M+517]=threshold;
70,75,518,523,,p0[,*M+,]=threshold;,,p0[70*M+75]=threshold;,,p0[523*M+518]=threshold;
70,77,518,525,,p0[,*M+,]=threshold;,,p0[70*M+77]=threshold;,,p0[525*M+518]=threshold;
70,80,518,528,,p0[,*M+,]=threshold;,,p0[70*M+80]=threshold;,,p0[528*M+518]=threshold;
70,95,518,543,,p0[,*M+,]=threshold;,,p0[70*M+95]=threshold;,,p0[543*M+518]=threshold;
70,96,518,544,,p0[,*M+,]=threshold;,,p0[70*M+96]=threshold;,,p0[544*M+518]=threshold;
70,99,518,547,,p0[,*M+,]=threshold;,,p0[70*M+99]=threshold;,,p0[547*M+518]=threshold;
71,79,519,527,,p0[,*M+,]=threshold;,,p0[71*M+79]=threshold;,,p0[527*M+519]=threshold;
71,94,519,542,,p0[,*M+,]=threshold;,,p0[71*M+94]=threshold;,,p0[542*M+519]=threshold;
71,95,519,543,,p0[,*M+,]=threshold;,,p0[71*M+95]=threshold;,,p0[543*M+519]=threshold;
72,74,520,522,,p0[,*M+,]=threshold;,,p0[72*M+74]=threshold;,,p0[522*M+520]=threshold;
72,80,520,528,,p0[,*M+,]=threshold;,,p0[72*M+80]=threshold;,,p0[528*M+520]=threshold;
72,94,520,542,,p0[,*M+,]=threshold;,,p0[72*M+94]=threshold;,,p0[542*M+520]=threshold;
72,95,520,543,,p0[,*M+,]=threshold;,,p0[72*M+95]=threshold;,,p0[543*M+520]=threshold;
73,82,521,530,,p0[,*M+,]=threshold;,,p0[73*M+82]=threshold;,,p0[530*M+521]=threshold;
73,88,521,536,,p0[,*M+,]=threshold;,,p0[73*M+88]=threshold;,,p0[536*M+521]=threshold;
73,89,521,537,,p0[,*M+,]=threshold;,,p0[73*M+89]=threshold;,,p0[537*M+521]=threshold;
73,97,521,545,,p0[,*M+,]=threshold;,,p0[73*M+97]=threshold;,,p0[545*M+521]=threshold;
74,76,522,524,,p0[,*M+,]=threshold;,,p0[74*M+76]=threshold;,,p0[524*M+522]=threshold;
74,77,522,525,,p0[,*M+,]=threshold;,,p0[74*M+77]=threshold;,,p0[525*M+522]=threshold;
74,86,522,534,,p0[,*M+,]=threshold;,,p0[74*M+86]=threshold;,,p0[534*M+522]=threshold;
74,90,522,538,,p0[,*M+,]=threshold;,,p0[74*M+90]=threshold;,,p0[538*M+522]=threshold;
74,91,522,539,,p0[,*M+,]=threshold;,,p0[74*M+91]=threshold;,,p0[539*M+522]=threshold;
75,78,523,526,,p0[,*M+,]=threshold;,,p0[75*M+78]=threshold;,,p0[526*M+523]=threshold;
75,99,523,547,,p0[,*M+,]=threshold;,,p0[75*M+99]=threshold;,,p0[547*M+523]=threshold;
76,79,524,527,,p0[,*M+,]=threshold;,,p0[76*M+79]=threshold;,,p0[527*M+524]=threshold;
76,88,524,536,,p0[,*M+,]=threshold;,,p0[76*M+88]=threshold;,,p0[536*M+524]=threshold;
76,91,524,539,,p0[,*M+,]=threshold;,,p0[76*M+91]=threshold;,,p0[539*M+524]=threshold;
77,85,525,533,,p0[,*M+,]=threshold;,,p0[77*M+85]=threshold;,,p0[533*M+525]=threshold;
77,92,525,540,,p0[,*M+,]=threshold;,,p0[77*M+92]=threshold;,,p0[540*M+525]=threshold;
78,83,526,531,,p0[,*M+,]=threshold;,,p0[78*M+83]=threshold;,,p0[531*M+526]=threshold;
78,90,526,538,,p0[,*M+,]=threshold;,,p0[78*M+90]=threshold;,,p0[538*M+526]=threshold;
78,96,526,544,,p0[,*M+,]=threshold;,,p0[78*M+96]=threshold;,,p0[544*M+526]=threshold;
78,97,526,545,,p0[,*M+,]=threshold;,,p0[78*M+97]=threshold;,,p0[545*M+526]=threshold;
79,86,527,534,,p0[,*M+,]=threshold;,,p0[79*M+86]=threshold;,,p0[534*M+527]=threshold;
79,91,527,539,,p0[,*M+,]=threshold;,,p0[79*M+91]=threshold;,,p0[539*M+527]=threshold;
79,93,527,541,,p0[,*M+,]=threshold;,,p0[79*M+93]=threshold;,,p0[541*M+527]=threshold;
79,94,527,542,,p0[,*M+,]=threshold;,,p0[79*M+94]=threshold;,,p0[542*M+527]=threshold;
79,97,527,545,,p0[,*M+,]=threshold;,,p0[79*M+97]=threshold;,,p0[545*M+527]=threshold;
79,98,527,546,,p0[,*M+,]=threshold;,,p0[79*M+98]=threshold;,,p0[546*M+527]=threshold;
80,85,528,533,,p0[,*M+,]=threshold;,,p0[80*M+85]=threshold;,,p0[533*M+528]=threshold;
81,94,529,542,,p0[,*M+,]=threshold;,,p0[81*M+94]=threshold;,,p0[542*M+529]=threshold;
82,96,530,544,,p0[,*M+,]=threshold;,,p0[82*M+96]=threshold;,,p0[544*M+530]=threshold;
83,86,531,534,,p0[,*M+,]=threshold;,,p0[83*M+86]=threshold;,,p0[534*M+531]=threshold;
83,94,531,542,,p0[,*M+,]=threshold;,,p0[83*M+94]=threshold;,,p0[542*M+531]=threshold;
83,95,531,543,,p0[,*M+,]=threshold;,,p0[83*M+95]=threshold;,,p0[543*M+531]=threshold;
85,94,533,542,,p0[,*M+,]=threshold;,,p0[85*M+94]=threshold;,,p0[542*M+533]=threshold;
86,91,534,539,,p0[,*M+,]=threshold;,,p0[86*M+91]=threshold;,,p0[539*M+534]=threshold;
86,95,534,543,,p0[,*M+,]=threshold;,,p0[86*M+95]=threshold;,,p0[543*M+534]=threshold;
86,96,534,544,,p0[,*M+,]=threshold;,,p0[86*M+96]=threshold;,,p0[544*M+534]=threshold;
86,99,534,547,,p0[,*M+,]=threshold;,,p0[86*M+99]=threshold;,,p0[547*M+534]=threshold;
89,93,537,541,,p0[,*M+,]=threshold;,,p0[89*M+93]=threshold;,,p0[541*M+537]=threshold;
91,97,539,545,,p0[,*M+,]=threshold;,,p0[91*M+97]=threshold;,,p0[545*M+539]=threshold;
91,99,539,547,,p0[,*M+,]=threshold;,,p0[91*M+99]=threshold;,,p0[547*M+539]=threshold;
93,95,541,543,,p0[,*M+,]=threshold;,,p0[93*M+95]=threshold;,,p0[543*M+541]=threshold;
93,98,541,546,,p0[,*M+,]=threshold;,,p0[93*M+98]=threshold;,,p0[546*M+541]=threshold;
